{
	"partitions" : [
		{
			"name" : "Top",
			"pins" : [
				{
					"name" : "Y[0]",
					"strict" : false
				},
				{
					"name" : "Y[1]",
					"strict" : false
				},
				{
					"name" : "Y[2]",
					"strict" : false
				},
				{
					"name" : "Y[3]",
					"strict" : false
				},
				{
					"name" : "Y[4]",
					"strict" : false
				},
				{
					"name" : "Y[5]",
					"strict" : false
				},
				{
					"name" : "Y[6]",
					"strict" : false
				},
				{
					"name" : "Y[7]",
					"strict" : false
				},
				{
					"name" : "Y[8]",
					"strict" : false
				},
				{
					"name" : "Y[9]",
					"strict" : false
				},
				{
					"name" : "Y[10]",
					"strict" : false
				},
				{
					"name" : "Y[11]",
					"strict" : false
				},
				{
					"name" : "Y[12]",
					"strict" : false
				},
				{
					"name" : "Y[13]",
					"strict" : false
				},
				{
					"name" : "Y[14]",
					"strict" : false
				},
				{
					"name" : "Y[15]",
					"strict" : false
				},
				{
					"name" : "Y[16]",
					"strict" : false
				},
				{
					"name" : "clk",
					"strict" : false
				},
				{
					"name" : "reset",
					"strict" : false
				},
				{
					"name" : "C[0]",
					"strict" : false
				},
				{
					"name" : "C[1]",
					"strict" : false
				},
				{
					"name" : "C[2]",
					"strict" : false
				},
				{
					"name" : "C[3]",
					"strict" : false
				},
				{
					"name" : "C[4]",
					"strict" : false
				},
				{
					"name" : "C[5]",
					"strict" : false
				},
				{
					"name" : "C[6]",
					"strict" : false
				},
				{
					"name" : "C[7]",
					"strict" : false
				},
				{
					"name" : "C[8]",
					"strict" : false
				},
				{
					"name" : "C[9]",
					"strict" : false
				},
				{
					"name" : "C[10]",
					"strict" : false
				},
				{
					"name" : "C[11]",
					"strict" : false
				},
				{
					"name" : "C[12]",
					"strict" : false
				},
				{
					"name" : "C[13]",
					"strict" : false
				},
				{
					"name" : "C[14]",
					"strict" : false
				},
				{
					"name" : "C[15]",
					"strict" : false
				},
				{
					"name" : "A[0]",
					"strict" : false
				},
				{
					"name" : "A[1]",
					"strict" : false
				},
				{
					"name" : "A[2]",
					"strict" : false
				},
				{
					"name" : "A[3]",
					"strict" : false
				},
				{
					"name" : "A[4]",
					"strict" : false
				},
				{
					"name" : "A[5]",
					"strict" : false
				},
				{
					"name" : "A[6]",
					"strict" : false
				},
				{
					"name" : "A[7]",
					"strict" : false
				},
				{
					"name" : "A[8]",
					"strict" : false
				},
				{
					"name" : "A[9]",
					"strict" : false
				},
				{
					"name" : "A[10]",
					"strict" : false
				},
				{
					"name" : "A[11]",
					"strict" : false
				},
				{
					"name" : "A[12]",
					"strict" : false
				},
				{
					"name" : "A[13]",
					"strict" : false
				},
				{
					"name" : "A[14]",
					"strict" : false
				},
				{
					"name" : "A[15]",
					"strict" : false
				},
				{
					"name" : "B[10]",
					"strict" : false
				},
				{
					"name" : "B[7]",
					"strict" : false
				},
				{
					"name" : "B[8]",
					"strict" : false
				},
				{
					"name" : "B[6]",
					"strict" : false
				},
				{
					"name" : "B[9]",
					"strict" : false
				},
				{
					"name" : "B[0]",
					"strict" : false
				},
				{
					"name" : "B[1]",
					"strict" : false
				},
				{
					"name" : "B[2]",
					"strict" : false
				},
				{
					"name" : "B[3]",
					"strict" : false
				},
				{
					"name" : "B[4]",
					"strict" : false
				},
				{
					"name" : "B[5]",
					"strict" : false
				}
			]
		}
	]
}