{
	"partitions" : [
		{
			"name" : "Top",
			"pins" : [
				{
					"name" : "Y[0]",
					"strict" : false
				},
				{
					"name" : "Y[1]",
					"strict" : false
				},
				{
					"name" : "Y[2]",
					"strict" : false
				},
				{
					"name" : "Y[3]",
					"strict" : false
				},
				{
					"name" : "Y[4]",
					"strict" : false
				},
				{
					"name" : "Y[5]",
					"strict" : false
				},
				{
					"name" : "Y[6]",
					"strict" : false
				},
				{
					"name" : "Y[7]",
					"strict" : false
				},
				{
					"name" : "Y[8]",
					"strict" : false
				},
				{
					"name" : "Y[9]",
					"strict" : false
				},
				{
					"name" : "Y[10]",
					"strict" : false
				},
				{
					"name" : "Y[11]",
					"strict" : false
				},
				{
					"name" : "Y[12]",
					"strict" : false
				},
				{
					"name" : "Y[13]",
					"strict" : false
				},
				{
					"name" : "Y[14]",
					"strict" : false
				},
				{
					"name" : "Y[15]",
					"strict" : false
				},
				{
					"name" : "Y[16]",
					"strict" : false
				},
				{
					"name" : "VALID",
					"strict" : false
				},
				{
					"name" : "CLK",
					"strict" : false
				},
				{
					"name" : "RESET",
					"strict" : false
				},
				{
					"name" : "C[0]",
					"strict" : false
				},
				{
					"name" : "C[1]",
					"strict" : false
				},
				{
					"name" : "C[2]",
					"strict" : false
				},
				{
					"name" : "C[3]",
					"strict" : false
				},
				{
					"name" : "C[4]",
					"strict" : false
				},
				{
					"name" : "C[5]",
					"strict" : false
				},
				{
					"name" : "C[6]",
					"strict" : false
				},
				{
					"name" : "C[7]",
					"strict" : false
				},
				{
					"name" : "C[8]",
					"strict" : false
				},
				{
					"name" : "C[9]",
					"strict" : false
				},
				{
					"name" : "C[10]",
					"strict" : false
				},
				{
					"name" : "C[11]",
					"strict" : false
				},
				{
					"name" : "C[12]",
					"strict" : false
				},
				{
					"name" : "C[13]",
					"strict" : false
				},
				{
					"name" : "C[14]",
					"strict" : false
				},
				{
					"name" : "C[15]",
					"strict" : false
				},
				{
					"name" : "START",
					"strict" : false
				},
				{
					"name" : "A[0]",
					"strict" : false
				},
				{
					"name" : "A[1]",
					"strict" : false
				},
				{
					"name" : "A[2]",
					"strict" : false
				},
				{
					"name" : "A[3]",
					"strict" : false
				},
				{
					"name" : "A[4]",
					"strict" : false
				},
				{
					"name" : "A[5]",
					"strict" : false
				},
				{
					"name" : "A[6]",
					"strict" : false
				},
				{
					"name" : "A[7]",
					"strict" : false
				},
				{
					"name" : "A[8]",
					"strict" : false
				},
				{
					"name" : "A[9]",
					"strict" : false
				},
				{
					"name" : "A[10]",
					"strict" : false
				},
				{
					"name" : "A[11]",
					"strict" : false
				},
				{
					"name" : "A[12]",
					"strict" : false
				},
				{
					"name" : "A[13]",
					"strict" : false
				},
				{
					"name" : "A[14]",
					"strict" : false
				},
				{
					"name" : "A[15]",
					"strict" : false
				},
				{
					"name" : "base_y[0]",
					"strict" : false
				},
				{
					"name" : "LOAD",
					"strict" : false
				},
				{
					"name" : "B[10]",
					"strict" : false
				},
				{
					"name" : "base_x[10]",
					"strict" : false
				},
				{
					"name" : "B[9]",
					"strict" : false
				},
				{
					"name" : "base_x[9]",
					"strict" : false
				},
				{
					"name" : "B[8]",
					"strict" : false
				},
				{
					"name" : "base_x[8]",
					"strict" : false
				},
				{
					"name" : "B[7]",
					"strict" : false
				},
				{
					"name" : "base_x[7]",
					"strict" : false
				},
				{
					"name" : "B[6]",
					"strict" : false
				},
				{
					"name" : "base_x[6]",
					"strict" : false
				},
				{
					"name" : "B[5]",
					"strict" : false
				},
				{
					"name" : "base_x[5]",
					"strict" : false
				},
				{
					"name" : "B[4]",
					"strict" : false
				},
				{
					"name" : "base_x[4]",
					"strict" : false
				},
				{
					"name" : "B[3]",
					"strict" : false
				},
				{
					"name" : "base_x[3]",
					"strict" : false
				},
				{
					"name" : "B[2]",
					"strict" : false
				},
				{
					"name" : "base_x[2]",
					"strict" : false
				},
				{
					"name" : "B[1]",
					"strict" : false
				},
				{
					"name" : "base_x[1]",
					"strict" : false
				},
				{
					"name" : "B[0]",
					"strict" : false
				},
				{
					"name" : "base_x[0]",
					"strict" : false
				},
				{
					"name" : "base_y[1]",
					"strict" : false
				},
				{
					"name" : "base_y[2]",
					"strict" : false
				},
				{
					"name" : "base_y[3]",
					"strict" : false
				},
				{
					"name" : "base_y[4]",
					"strict" : false
				},
				{
					"name" : "base_y[5]",
					"strict" : false
				},
				{
					"name" : "base_y[6]",
					"strict" : false
				},
				{
					"name" : "base_y[7]",
					"strict" : false
				},
				{
					"name" : "base_y[8]",
					"strict" : false
				},
				{
					"name" : "base_y[9]",
					"strict" : false
				},
				{
					"name" : "base_y[10]",
					"strict" : false
				},
				{
					"name" : "base_y[11]",
					"strict" : false
				},
				{
					"name" : "base_y[12]",
					"strict" : false
				},
				{
					"name" : "base_y[13]",
					"strict" : false
				},
				{
					"name" : "base_y[14]",
					"strict" : false
				},
				{
					"name" : "base_y[15]",
					"strict" : false
				},
				{
					"name" : "coeff[0]",
					"strict" : false
				},
				{
					"name" : "coeff[1]",
					"strict" : false
				},
				{
					"name" : "coeff[2]",
					"strict" : false
				},
				{
					"name" : "coeff[3]",
					"strict" : false
				},
				{
					"name" : "coeff[4]",
					"strict" : false
				},
				{
					"name" : "coeff[5]",
					"strict" : false
				},
				{
					"name" : "coeff[6]",
					"strict" : false
				},
				{
					"name" : "coeff[7]",
					"strict" : false
				},
				{
					"name" : "coeff[8]",
					"strict" : false
				},
				{
					"name" : "coeff[9]",
					"strict" : false
				},
				{
					"name" : "coeff[10]",
					"strict" : false
				},
				{
					"name" : "coeff[11]",
					"strict" : false
				},
				{
					"name" : "coeff[12]",
					"strict" : false
				},
				{
					"name" : "coeff[13]",
					"strict" : false
				},
				{
					"name" : "coeff[14]",
					"strict" : false
				},
				{
					"name" : "coeff[15]",
					"strict" : false
				}
			]
		}
	]
}